Array,Array1,Array2,Array3,Array4
Array1,1.0,0.8214734128639407,0.7780749346936106,0.7238222945837433
Array2,0.8214734128639407,1.0,0.8704568552193205,0.8175129877972692
Array3,0.7780749346936106,0.8704568552193205,1.0,0.8568585960898626
Array4,0.7238222945837433,0.8175129877972692,0.8568585960898626,1.0

Metric,Value
Quality Score,0.811366513541291
Execution Time (s),0.9158351421356201
